Системный номер,Модель,Тип,Заводской номер,Регион
KTE44557,УНА-001,Безвакуумный/ленточный упаковщик,903110.20,Тернопіль
KCH44524,УНА-001,Безвакуумный/ленточный упаковщик,905510.20,Чернігів
KCH44771,УНА 001-03,Безвакуумный/ленточный упаковщик,9139.2022,Чернігів
KCH44772,УНА 001-03,Безвакуумный/ленточный упаковщик,9140.2022,Прилуки
KCR44525,УНА-001,Безвакуумный/ленточный упаковщик,902910.20,Черкаси
KCR44526,УНА-001,Безвакуумный/ленточный упаковщик,904710.20,Черкаси
KCR44773,УНА 001-03,Безвакуумный/ленточный упаковщик,9141.2022,Черкаси
KCR44774,УНА 001-03,Безвакуумный/ленточный упаковщик,9142.2022,Черкаси
KCS00069,УНА-001,Безвакуумный/ленточный упаковщик,6881,Черкаси
KCS00070,УНА-001,Безвакуумный/ленточный упаковщик,6885,Черкаси
KCS00081,УНА-001,Безвакуумный/ленточный упаковщик,0928 02.96,Черкаси
KCS00082,УНА-001,Безвакуумный/ленточный упаковщик,7848 09.12,Черкаси
KCS34777,УНА 001-03,Безвакуумный/ленточный упаковщик,0,Черкаси
KCV00198,УНА-001,Безвакуумный/ленточный упаковщик,2259,Чернівці
KCV00199,УНА-001,Безвакуумный/ленточный упаковщик,1448,Чернівці
KCV00200,УНА-001,Безвакуумный/ленточный упаковщик,0,Чернівці
KCV01494,УНА-001,Безвакуумный/ленточный упаковщик,7801 08.12,Чернівці
KCV44527,УНА-001,Безвакуумный/ленточный упаковщик,905110.20,Чернівці
KCV44528,УНА-001,Безвакуумный/ленточный упаковщик,905710.20,Чернівці
KDN00242,УНА 001-03,Безвакуумный/ленточный упаковщик,4372 01.07,Дніпро
KDN06974,УНА 001-03,Безвакуумный/ленточный упаковщик,2459 08.03,Закарпаття
KDN34788,УНА-001,Безвакуумный/ленточный упаковщик,5196.11.07,Дніпро
KDN34794,УНА-001,Безвакуумный/ленточный упаковщик,2290.11.02,Дніпро
KDN39467,УНА-001,Безвакуумный/ленточный упаковщик,4039700097478882,Рівне
KDN44529,УНА-001,Безвакуумный/ленточный упаковщик,905310.20,Дніпро
KDN44530,УНА-001,Безвакуумный/ленточный упаковщик,905410.20,Дніпро
KDN44770,УНА 001-03,Безвакуумный/ленточный упаковщик,9136.2022,Дніпро
KDN44788,УНА 001-03,Безвакуумный/ленточный упаковщик,9157.2022,Дніпро
KDN44789,УНА 001-03,Безвакуумный/ленточный упаковщик,9158.2022,Дніпро
KDN44790,УНА 001-03,Безвакуумный/ленточный упаковщик,9159.2022,Дніпро
KHA00392,УНА-001,Безвакуумный/ленточный упаковщик,"2,1710024907e+14",Харків
KHA39992,УНА-001,Безвакуумный/ленточный упаковщик,5016600249067632,Харків
KHA39993,УНА-001,Безвакуумный/ленточный упаковщик,1115800249067627,Харків
KHA44531,УНА-001,Безвакуумный/ленточный упаковщик,901610.20,Харків
KHA44532,УНА-001,Безвакуумный/ленточный упаковщик,905010.20,Харків
KHA44775,УНА 001-03,Безвакуумный/ленточный упаковщик,9143.2022,Харків
KHE00434,УНА 001-03,Безвакуумный/ленточный упаковщик,5231000188217448,Херсон
KHE00435,УНА 001-03,Безвакуумный/ленточный упаковщик,5086400156809004,Херсон
KHE00436,Сварка,Безвакуумный/ленточный упаковщик,5431300188217443,Херсон
KHE00437,Сварка,Безвакуумный/ленточный упаковщик,2287700188217459,Херсон
KHE01495,УНА-001,Безвакуумный/ленточный упаковщик,7809,Херсон
KHE44533,УНА-001,Безвакуумный/ленточный упаковщик,903610.20,Херсон
KHM00472,Спрут,Безвакуумный/ленточный упаковщик,151,Хмельницький
KHM14890,УНА-001,Безвакуумный/ленточный упаковщик,1408000249630074,Хмельницький
KHM14954,УНА-001,Безвакуумный/ленточный упаковщик,7814.08.12,Хмельницький
KHM14955,УНА-001,Безвакуумный/ленточный упаковщик,6465300249630064,Хмельницький
KHM14956,УНА-001,Безвакуумный/ленточный упаковщик,1398900249630069,Хмельницький
KHM14957,УНА-001,Безвакуумный/ленточный упаковщик,2442.07.03,Хмельницький
KHM36314,УНА 001-03,Безвакуумный/ленточный упаковщик,0,Хмельницький
KHM39937,УНА 001-03,Безвакуумный/ленточный упаковщик,0,Хмельницький
KHM40018,УНА-001,Безвакуумный/ленточный упаковщик,3568,Хмельницький
KHM44534,УНА-001,Безвакуумный/ленточный упаковщик,904910.20,Хмельницький
KIF00492,УНА-001,Безвакуумный/ленточный упаковщик,1337,Івано Франківськ
KIF07120,УНА 001-03,Безвакуумный/ленточный упаковщик,7647 12.11,Івано Франківськ
KIF44535,УНА-001,Безвакуумный/ленточный упаковщик,902110.20,Івано Франківськ
KK144536,УНА-001,Безвакуумный/ленточный упаковщик,905610.20,Київ
KK144776,УНА 001-03,Безвакуумный/ленточный упаковщик,9144.2022,Київ
KK200547,УНА-001,Безвакуумный/ленточный упаковщик,2887,Київ
KK200548,УНА-001,Безвакуумный/ленточный упаковщик,3444,Київ
KK200549,УНА-001,Безвакуумный/ленточный упаковщик,75,Київ
KK201571,УНА-001,Безвакуумный/ленточный упаковщик,7807,Київ
KK411185,УНА-001,Безвакуумный/ленточный упаковщик,7888 11.12,Київ
KK844570,УНА-001,Безвакуумный/ленточный упаковщик,906902.21,Київ
KK844777,УНА 001-03,Безвакуумный/ленточный упаковщик,9145.2022,Київ
KK944778,УНА 001-03,Безвакуумный/ленточный упаковщик,9146.2022,Київ
KKG00565,УНА-001,Безвакуумный/ленточный упаковщик,2684,Кіровоград
KKG00566,УНА-001,Безвакуумный/ленточный упаковщик,0,Кіровоград
KKG01507,УНА-001,Безвакуумный/ленточный упаковщик,7671,Кіровоград
KKG13630,УНА 001-03,Безвакуумный/ленточный упаковщик,0,Кіровоград
KKI00616,УНА-001,Безвакуумный/ленточный упаковщик,5093,Київ
KKI00623,УНА-001,Безвакуумный/ленточный упаковщик,2318,Київ
KKI01524,УНА-001,Безвакуумный/ленточный упаковщик,7889,Київ
KKP44779,УНА 001-03,Безвакуумный/ленточный упаковщик,9147.2022,Кіровоград
KKP44791,УНА 001-03,Безвакуумный/ленточный упаковщик,9160.2022,Кіровоград
KKR01503,УНА-001,Безвакуумный/ленточный упаковщик,7842,Кривий ріг
KKR01504,УНА-001,Безвакуумный/ленточный упаковщик,7815.0812,Кривий ріг
KKR04475,УНА-001,Безвакуумный/ленточный упаковщик,4187000096267248,Кривий ріг
KKR41711,УНА 001-03,Безвакуумный/ленточный упаковщик,7826,Кривий ріг
KKT44538,УНА-001,Безвакуумный/ленточный упаковщик,905910.20,Дніпро
KKT44539,УНА-001,Безвакуумный/ленточный упаковщик,906010.20,Дніпро
KKZ44537,УНА-001,Безвакуумный/ленточный упаковщик,906110.20,Кривий ріг
KLF44567,УНА-001,Безвакуумный/ленточный упаковщик,906610.20,Львів
KLF44568,УНА-001,Безвакуумный/ленточный упаковщик,906710.20,Львів
KLF44569,УНА-001,Безвакуумный/ленточный упаковщик,906810.20,Львів
KLF44768,УНА 001-03,Безвакуумный/ленточный упаковщик,9073.2022,Львів
KLF44769,УНА 001-03,Безвакуумный/ленточный упаковщик,9074.2022,Львів
KLF44780,УНА 001-03,Безвакуумный/ленточный упаковщик,9148.2022,Львів
KLV01487,УНА 001-03,Безвакуумный/ленточный упаковщик,7819,Львів
KLV01488,УНА 001-03,Безвакуумный/ленточный упаковщик,7813,Львів
KLV01489,УНА 001-03,Безвакуумный/ленточный упаковщик,7817,Львів
KLV01490,УНА 001-03,Безвакуумный/ленточный упаковщик,7802,Львів
KLV01492,УНА 001-03,Безвакуумный/ленточный упаковщик,7812,Львів
KMK00798,УНА-001,Безвакуумный/ленточный упаковщик,6902.05.10,Закарпаття
KNK01498,УНА-001,Безвакуумный/ленточный упаковщик,7804.08.12,Миколаїв
KNK44546,УНА-001,Безвакуумный/ленточный упаковщик,901510.20,Миколаїв
KNK44547,УНА-001,Безвакуумный/ленточный упаковщик,906210.20,Миколаїв
KOD00883,УНА-001,Безвакуумный/ленточный упаковщик,0,Одеса
KOD00885,УНА-001,Безвакуумный/ленточный упаковщик,294740,Одеса
KOD00901,УНА-001,Безвакуумный/ленточный упаковщик,7803,Одеса
KOD06373,УНА-001,Безвакуумный/ленточный упаковщик,2934 10.04,Одеса
KOD39459,УНА 001-03,Безвакуумный/ленточный упаковщик,3637.01.06,Одеса
KOD39931,УНА 001-03,Безвакуумный/ленточный упаковщик,0,Одеса
KOD40550,УНА-001,Безвакуумный/ленточный упаковщик,5955,Одеса
KOD44548,УНА-001,Безвакуумный/ленточный упаковщик,901710.20,Одеса
KOD44549,УНА-001,Безвакуумный/ленточный упаковщик,901810.20,Одеса
KOD44550,УНА-001,Безвакуумный/ленточный упаковщик,901910.20,Одеса
KOD44551,УНА-001,Безвакуумный/ленточный упаковщик,902410.20,Одеса
KOD44552,УНА-001,Безвакуумный/ленточный упаковщик,903510.20,Одеса
KPL00948,УНА-001,Безвакуумный/ленточный упаковщик,3195,Полтава
KPL03429,УНА 001-03,Безвакуумный/ленточный упаковщик,3576,Полтава
KPL04179,УНА 001-03,Безвакуумный/ленточный упаковщик,5858,Полтава
KPL06128,УНА 001-03,Безвакуумный/ленточный упаковщик,3547100210105422,Полтава
KPL06657,УНА 001-03,Безвакуумный/ленточный упаковщик,3142,Полтава
KPL12211,УНА 001-03,Безвакуумный/ленточный упаковщик,6010700237926204,Полтава
KPO44553,УНА-001,Безвакуумный/ленточный упаковщик,902710.20,Кременчуг
KPO44565,УНА-001,Безвакуумный/ленточный упаковщик,906410.20,Полтава
KPO44566,УНА-001,Безвакуумный/ленточный упаковщик,906510.20,Полтава
KPO44794,УНА 001-03,Безвакуумный/ленточный упаковщик,9163.2022,Кременчуг
KRO01021,УНА-001,Безвакуумный/ленточный упаковщик,5106700008146928,Закарпаття
KRO01500,УНА 001-03,Безвакуумный/ленточный упаковщик,7816.08.12,Дніпро
KRO44554,УНА-001,Безвакуумный/ленточный упаковщик,902310.20,Рівне
KRO44555,УНА-001,Безвакуумный/ленточный упаковщик,903410.20,Рівне
KSU01136,УНА-001,Безвакуумный/ленточный упаковщик,6489,Суми
KSU01493,УНА 001-03,Безвакуумный/ленточный упаковщик,7669,Суми
KSU44556,УНА-001,Безвакуумный/ленточный упаковщик,902510.20,Суми
KTE01189,УНА-001,Безвакуумный/ленточный упаковщик,6908,Тернопіль
KTE44557,УНА-001,Безвакуумный/ленточный упаковщик,903110.20,Тернопіль
KVF44785,УНА 001-03,Безвакуумный/ленточный упаковщик,9153.2022,Волинь
KVI01197,УНА 001-03,Безвакуумный/ленточный упаковщик,714,Вінниця
KVI01198,Спрут,Безвакуумный/ленточный упаковщик,325,Вінниця
KVI01199,УНА-001,Безвакуумный/ленточный упаковщик,1248,Вінниця
KVO00137,УНА 001-03,Безвакуумный/ленточный упаковщик,7627.12.11,Миколаїв
KVO44559,УНА-001,Безвакуумный/ленточный упаковщик,903210.20,Волинь
KVO44560,УНА-001,Безвакуумный/ленточный упаковщик,904810.20,Волинь
KZK44542,УНА-001,Безвакуумный/ленточный упаковщик,905810.20,Закарпаття
KZK44543,УНА-001,Безвакуумный/ленточный упаковщик,906310.20,Закарпаття
KZK44787,УНА 001-03,Безвакуумный/ленточный упаковщик,9155.2022,Закарпаття
KZK44793,УНА 001-03,Безвакуумный/ленточный упаковщик,9162.2022,Закарпаття
KZP00175,Спрут,Безвакуумный/ленточный упаковщик,333,Запоріжжя
KZP01337,УНА-001,Безвакуумный/ленточный упаковщик,10921129,Запоріжжя
KZP01338,Спрут,Безвакуумный/ленточный упаковщик,0,Запоріжжя
KZP44561,УНА-001,Безвакуумный/ленточный упаковщик,901410.20,Запоріжжя
KZP44562,УНА-001,Безвакуумный/ленточный упаковщик,902610.20,Запоріжжя
KZP44710,УНА 001-03,Безвакуумный/ленточный упаковщик,9156.2022,Запоріжжя
KZR44563,УНА-001,Безвакуумный/ленточный упаковщик,903310.20,Запоріжжя
KZR44564,УНА-001,Безвакуумный/ленточный упаковщик,905210.20,Запоріжжя